,width,height,area,aspect_ratio
count,185526.0,185526.0,185526.0,185526.0
mean,56.14968503856064,49.59215741124155,6679.098327612471,1.2150810428413368
std,74.83041682890833,61.23964852369894,22418.6693141342,0.7440419795202541
min,0.10549500000001899,0.6120900000000233,2.3142949800754176,0.004808892177021156
25%,16.874988000000002,17.068387250000015,305.1504487251345,0.7368421495673758
50%,28.698343000000023,28.992142,809.5827888350823,1.100000080123401
75%,59.892193000000105,54.901178000000016,2970.3116944943795,1.4868420951286285
max,1096.775803,719.889571,573985.03902307,30.99999771193536
