,width,height,area,aspect_ratio
count,1286871.0,1286871.0,1286871.0,1286871.0
mean,56.5958773007582,49.91536461619462,6776.5629931473695,1.2167664019058433
std,75.69067569214637,61.68860476316304,22850.26061039898,0.945266468006684
min,0.10662500000000819,0.1654980000000137,0.8714116864181584,0.0015103679695067465
25%,16.874987999999973,17.138548000000014,304.5991606540565,0.7368420814951795
50%,28.698343000000023,29.093871999999976,817.3673207855469,1.1000000659259597
75%,60.406769000000054,55.279584,3022.785449183516,1.4868421018253999
max,1279.269409,719.773524,917709.770977253,496.825109668958
