{
    "mAP50": 0.08863265905813122,
    "mAP50_95": 0.047687546313900396,
    "precision": 0.12498532244851013,
    "recall": 0.07780162352582609
}